{
  "Name": "HKMO",
  "Composites": [
    {
      "Name": "Mombasa",
      "Identifier": "HKMO",
      "Contractions": [
        {
          "String": "RNAV",
          "Spoken": "ARE-NAV"
        },
        {
          "String": "CAVOK",
          "Spoken": "CAV-OH-KAY"
        },
        {
          "String": "RNP",
          "Spoken": "ARE-ENN-PEE"
        }
      ],
      "AtisFrequency": 26300,
      "ObservationTime": {
        "Enabled": false,
        "Time": 0
      },
      "MagneticVariation": {
        "Enabled": false,
        "MagneticDegrees": 0
      },
      "AtisVoice": {
        "UseTextToSpeech": true,
        "Voice": "Default"
      },
      "IDSEndpoint": "",
      "Presets": [
        {
          "Name": "RWY 03",
          "AirportConditions": "RUNWAY 03 IN USE. EXPECT RNP APPROACH. ",
          "Notams": null,
          "ArbitraryText": null,
          "Template": "[FACILITY] ATIS INFORMATION [ATIS_CODE]. [OBS_TIME]. [FULL_WX_STRING]. [ARPT_COND]. [NOTAMS]. [TL]. ADVISE ON INITIAL CONTACT YOU HAVE INFORMATION [ATIS_CODE]."
        },
        {
          "Name": "RWY 21",
          "AirportConditions": "RUNWAY 21 IN USE. EXPECT ILS APPROACH.",
          "Notams": null,
          "ArbitraryText": null,
          "Template": "[FACILITY] ATIS INFORMATION [ATIS_CODE]. [OBS_TIME]. [FULL_WX_STRING]. [ARPT_COND]. [NOTAMS]. [TL]. ADVISE ON INITIAL CONTACT YOU HAVE INFORMATION [ATIS_CODE]."
        }
      ],
      "AirportConditionDefinitions": [],
      "NotamDefinitions": [],
      "TransitionLevels": [
        {
          "Low": 1014,
          "High": 1099,
          "Altitude": 030
        },
        {
          "Low": 980,
          "High": 1013,
          "Altitude": 040
        },
        {
          "Low": 946,
          "High": 979,
          "Altitude": 050
        }
      ]
    }
  ]
}